record_id,citation,doi,report_access,full_text_stage,final_role,six_domain_appraisal,quantitative_performance_use
E123,"JAFARI F, DORAFSHAN S. Granular stockpile volume dataset[J]. *Data in Brief*, 2026, 66: 112631. DOI: 10.1016/j.dib.2026.112631.",10.1016/j.dib.2026.112631,DATA,INCLUDED,DATA-RESOURCE,no,claim-specific
E124,"QIU Z, LIN D, LIU B, et al. LiDAR-based multi-modal UAV navigation dataset for robust benchmarking in complex-structured, GNSS-denied industrial environments[J]. *Drones*, 2026, 10(8): 611. DOI: 10.3390/drones10080611.",10.3390/drones10080611,DATA,INCLUDED,DATA-RESOURCE,no,claim-specific
E125,"GAGO R. Aerial robotic system for inventory of stockpile warehouses[DB]. *IEEE DataPort*, 2020. DOI: 10.21227/zyxc-wq04.",10.21227/zyxc-wq04,DATA,INCLUDED,DATA-RESOURCE,no,claim-specific
E01,"YANG X, HUANG Y, ZHANG Q. Automatic stockpile extraction and measurement using 3D point cloud and multi-scale directional curvature[J]. Remote Sensing, 2020, 12(6): 960. DOI: 10.3390/rs12060960.",10.3390/rs12060960,FT,INCLUDED,DIRECT-EMPIRICAL,yes,claim-specific
E02,"ELLINGER A, WOERNER C, SCHERER R. Automatic segmentation of bulk material heaps using color, texture, and topography from aerial data and deep learning-based computer vision[J]. Remote Sensing, 2023, 15(1): 211. DOI: 10.3390/rs15010211.",10.3390/rs15010211,FT,INCLUDED,DIRECT-EMPIRICAL,yes,claim-specific
E03,"SU C, LI Z, WEI Z, et al. A non-contact method for weighting of aggregate pile based on binocular vision[J]. Measurement and Control, 2024, 57(9): 1298-1312. DOI: 10.1177/00202940241238676.",10.1177/00202940241238676,FT,INCLUDED,DIRECT-EMPIRICAL,yes,claim-specific
E109,"CHATHURANGA M, DARWIN N B, AHMAD A B, SANDAMALI J. iPhone LiDAR-based volume estimation of regular and irregular shaped stockpiles[C]. *ISPRS Archives*, 2026, XLVIII-M-10-2025: 91–98. DOI: 10.5194/isprs-archives-XLVIII-M-10-2025-91-2026.",10.5194/isprs-archives-xlviii-m-10-2025-91-2026,FT,INCLUDED,DIRECT-EMPIRICAL,yes,claim-specific
E110,"PICCHI D, BRELL-COKCAN S. A multi-view approach for bulk material volume estimation[J]. *Construction Robotics*, 2026, 10: 7. DOI: 10.1007/s41693-026-00179-z.",10.1007/s41693-026-00179-z,FT,INCLUDED,DIRECT-EMPIRICAL,yes,claim-specific
E111,"AJI A R S, DJURDJANI. Perbandingan volume stockpile batu bara hasil UAV fotogrametri dan UAV LiDAR [Comparison analysis of coal stockpile volume using UAV photogrammetry and UAV LiDAR][J]. *Journal of Geospatial Information Science and Engineering*, 2022, 5(2): 132–138. DOI: 10.22146/jgise.78295.",10.22146/jgise.78295,FT,INCLUDED,DIRECT-EMPIRICAL,yes,claim-specific
E112,"DHAKAL S, MANANDHAR A, SHAH A, KHANAL S. Integrating UAS remote sensing and edge detection for accurate coal stockpile volume estimation[J]. *Remote Sensing*, 2025, 17(18): 3136. DOI: 10.3390/rs17183136.",10.3390/rs17183136,FT,INCLUDED,DIRECT-EMPIRICAL,yes,claim-specific
E114,"SUN A, YU H, SHENG C, et al. Automated volume quantification of deck-loaded riprap from portable LiDAR SLAM point clouds[J]. *Water*, 2026, 18(12): 1435. DOI: 10.3390/w18121435.",10.3390/w18121435,FT,INCLUDED,DIRECT-EMPIRICAL,yes,claim-specific
E116,"GAGO R M, PEREIRA M Y A, PEREIRA G A S. An aerial robotic system for inventory of stockpile warehouses[J]. *Engineering Reports*, 2021, 3(9): e12396. DOI: 10.1002/eng2.12396.",10.1002/eng2.12396,FT,INCLUDED,DIRECT-EMPIRICAL,yes,claim-specific
E117,"ALSAYED A, BANA F, ARVIN F, QUINN M K, NABAWY M R A. Experimental evaluation of multi- and single-drone systems with 1D LiDAR sensors for stockpile volume estimation[J]. *Aerospace*, 2025, 12(3): 189. DOI: 10.3390/aerospace12030189.",10.3390/aerospace12030189,FT,INCLUDED,DIRECT-EMPIRICAL,yes,claim-specific
E118,"LIU J, HASHEMINASAB S M, ZHOU T, MANISH R, HABIB A. An image-aided sparse point cloud registration strategy for managing stockpiles in dome storage facilities[J]. *Remote Sensing*, 2023, 15(2): 504. DOI: 10.3390/rs15020504.",10.3390/rs15020504,FT,INCLUDED,DIRECT-EMPIRICAL,yes,claim-specific
E122,"WU B, WANG S, LIN H, LI S, HOU L. Fast estimation of loader’s shovel load volume by 3D reconstruction of material piles[J]. *Chinese Journal of Mechanical Engineering*, 2023, 36: 117. DOI: 10.1186/s10033-023-00945-y.",10.1186/s10033-023-00945-y,FT,INCLUDED,DIRECT-EMPIRICAL,yes,claim-specific
E126,"MUHAMMED S T, ABED F M. Combining terrestrial laser scanning and drone-based photogrammetry towards improving volume calculations in construction projects[J]. *Journal of Engineering*, 2025, 31(8): 26–50. DOI: 10.31026/j.eng.2025.08.03.",10.31026/j.eng.2025.08.03,FT,INCLUDED,DIRECT-EMPIRICAL,yes,claim-specific
E127,"CAI Z, CHEBIL G A, TAN Y, KESSLER S, FOTTNER J. Deep learning-based on-site identification and volume measurement of bulk material in construction industry[J]. *Engineering Applications of Artificial Intelligence*, 2026, 163: 112797. DOI: 10.1016/j.engappai.2025.112797.",10.1016/j.engappai.2025.112797,FT,INCLUDED,DIRECT-EMPIRICAL,yes,claim-specific
E128,"YANG L, RAN C, YU Z, HAN F, WU W. Surface reconstruction and volume calculation of grain pile based on point cloud information from multiple viewpoints[J]. *Agriculture*, 2025, 15(11): 1208. DOI: 10.3390/agriculture15111208.",10.3390/agriculture15111208,FT,INCLUDED,DIRECT-EMPIRICAL,yes,claim-specific
E129,"WIJAYA D, KARTINI G A J. Accuracy analysis of mining material volume estimation using terrestrial laser scanning and UAV photogrammetry[J]. *Rekayasa Hijau*, 2026, 10(2): 128–142. DOI: 10.26760/jrh.v10i2.128-142.",10.26760/jrh.v10i2.128-142,FT,INCLUDED,DIRECT-EMPIRICAL,yes,claim-specific
E131,"SETYAWAN D, SUSILO Y. Analisis perbandingan volume stockpile batu bara hasil UAV LiDAR dan hasil penimbangan (studi kasus PT. Hardaya Mining Energy, Site Sebakis, Nunukan, Kalimantan Utara)[J]. *El-Jughrafiyah*, 2025, 5(1): 112–123. DOI: 10.24014/jej.v5i1.36301.",10.24014/jej.v5i1.36301,FT,INCLUDED,DIRECT-EMPIRICAL,yes,claim-specific
E132,"HARDIANTI S, MARYANA, DILARIYA. Analisis perbandingan kuantitas batubara antara drone DJI Phantom 4 RTK dengan terrestrial laser scanner pada stockpile LS DH5 [Comparative analysis of coal quantity between DJI Phantom 4 RTK drone and terrestrial laser scanner on LS DH5 stockpile][J]. *Mineral*, 2025, 10(1): 1–6. DOI: 10.33019/rtm5vr96.",10.33019/rtm5vr96,FT,INCLUDED,DIRECT-EMPIRICAL,yes,claim-specific
E133,"BORHAN A S, FAJRIN, ARINI D. Perbandingan volume Run of Mine dengan menggunakan data hasil pengukuran terrestrial laser scanner dan unmanned aerial vehicle[J]. *Globe*, 2025, 3(3): 214–224. DOI: 10.61132/globe.v3i3.1066.",10.61132/globe.v3i3.1066,FT,INCLUDED,DIRECT-EMPIRICAL,yes,claim-specific
E134,"MAULANA M H R, KUNCORO H. Evaluasi pendekatan hybrid dalam pengukuran volume stockpile batubara menggunakan UAV, GNSS RTK dan total station[J]. *Serambi Engineering*, 2025, 10(4): 15653–15659.",,FT,INCLUDED,DIRECT-EMPIRICAL,yes,claim-specific
E178,Albertus Niko Liswanto; Hepriyandi L. Djanas Usup; Ferdinandus Ferdinandus; Wiryanto Wiryanto; Asri Fridtriyanda. Analisis Perbandingan Volume Stockpile Batubara Menggunakan Data Foto Udara Unmanned Aerial Vehicle (UAV) Mavic 3 Pro dengan Hasil Truck Count di PT. Mitra Barito. JURAL RISET RUMPUN ILMU TEKNIK. 2026. https://doi.org/10.55606/jurritek.v5i2.9186,10.55606/jurritek.v5i2.9186,RETRIEVED_OPEN_PDF,INCLUDED,DIRECT-EMPIRICAL,yes,claim-specific
E194,Ping Zhang; Chungang Li; Jian Song; Jianjun Tan; Han Tian; Le Chen; Yongkun Song. A Point Cloud Segmentation Method for Adhering Coal Piles in Industrial Coal Sheds. Journal of Artificial Intelligence. 2026. https://doi.org/10.32604/jai.2026.080463,10.32604/jai.2026.080463,RETRIEVED_OPEN_PDF,INCLUDED,DIRECT-EMPIRICAL,yes,claim-specific
E232,"Megan Fotheringham; Dev Raj Paudyal. COMBINING TERRESTRIAL SCANNED DATASETS WITH UAV POINT CLOUDS FOR MINING OPERATIONS. ISPRS annals of the photogrammetry, remote sensing and spatial information sciences. 2021. https://doi.org/10.5194/isprs-annals-v-4-2021-129-2021",10.5194/isprs-annals-v-4-2021-129-2021,RETRIEVED_OPEN_PDF,INCLUDED,DIRECT-EMPIRICAL,yes,claim-specific
E313,"Daud Wahyu Imani; Mokhamad Nur Cahyadi; Imam Wahyu Farid; Ronny Mardianto. INTEGRATION ANALYSIS OF DRONE MULTI SENSOR-GNSS-LIDAR-CAMERA FOR 3D MAPPING (CASE STUDY: PT GARAM, PAMEKASAN, MADURA). Journal of Marine-Earth Science and Technology. 2023. https://doi.org/10.12962/j27745449.v4i1.699",10.12962/j27745449.v4i1.699,RETRIEVED_OPEN_PDF,INCLUDED,DIRECT-EMPIRICAL,yes,claim-specific
E328,Thiago Rios Ferreira; José Aurélio Medeiros da Luz; Matheus Henrique de Castro. Live volume of conical stockpile reclaimed by gravity. Research Society and Development. 2022. https://doi.org/10.33448/rsd-v11i6.28908,10.33448/rsd-v11i6.28908,RETRIEVED_OPEN_PDF,INCLUDED,DIRECT-EMPIRICAL,yes,claim-specific
E34,"ARANGO C, MORALES C A. Comparison between multicopter UAV and total station for estimating stockpile volumes[C]//Int Arch Photogramm Remote Sens Spatial Inf Sci, 2015, XL-1/W4: 131-135. DOI: 10.5194/isprsarchives-XL-1-W4-131-2015.",10.5194/isprsarchives-xl-1-w4-131-2015,FT,INCLUDED,DIRECT-EMPIRICAL,yes,claim-specific
E35,"RAEVA P L, FILIPOVA S L, FILIPOV D G. Volume computation of a stockpile – a study case comparing GPS and UAV measurements in an open pit quarry[C]//Int Arch Photogramm Remote Sens Spatial Inf Sci, 2016, XLI-B1: 999-1004. DOI: 10.5194/isprs-archives-XLI-B1-999-2016.",10.5194/isprs-archives-xli-b1-999-2016,FT,INCLUDED,DIRECT-EMPIRICAL,yes,claim-specific
E36,"TUCCI G, GEBBIA A, CONTI A, et al. Monitoring and Computation of the Volumes of Stockpiles of Bulk Material by Means of UAV Photogrammetric Surveying[J]. Remote Sensing, 2019, 11(12): 1471. DOI: 10.3390/rs11121471.",10.3390/rs11121471,FT,INCLUDED,DIRECT-EMPIRICAL,yes,claim-specific
E365,Ashwani Jaiswal; Nikhil Bugalia; Q. P. Ha. Optimizing Structure from Motion Parameters for Volume Estimation of Construction and Demolition Waste. Proceedings of the ... ISARC. 2025. https://doi.org/10.22260/isarc2025/0127,10.22260/isarc2025/0127,RETRIEVED_OPEN_PDF,INCLUDED,DIRECT-EMPIRICAL,yes,claim-specific
E37,"ALSAYED A, NABAWY M R A. Indoor Stockpile Reconstruction Using Drone-Borne Actuated Single-Point LiDARs[J]. Drones, 2022, 6(12): 386. DOI: 10.3390/drones6120386.",10.3390/drones6120386,FT,INCLUDED,DIRECT-EMPIRICAL,yes,claim-specific
E370,Gideon Samari Suno; Henny Magdalena; Windhu Nugroho; Agus Winarno; Tommy Trides. Perbandingan Perhitungan Volume Stockpile Batu Andesit Menggunakan Alat Survey Terrestrial Laser Scanner dan Global Positioning Sistem Real Time Kinematik pada PT. Bara Tabang. Venus Jurnal Publikasi Rumpun Ilmu Teknik . 2025. https://doi.org/10.61132/venus.v3i3.932,10.61132/venus.v3i3.932,RETRIEVED_OPEN_PDF,INCLUDED,DIRECT-EMPIRICAL,yes,claim-specific
E39,"KUINKEL M S, ZHANG C, LIU P, et al. Suitability Study of Using UAVs to Estimate Landfilled Fly Ash Stockpile[J]. Sensors, 2023, 23(3): 1242. DOI: 10.3390/s23031242.",10.3390/s23031242,FT,INCLUDED,DIRECT-EMPIRICAL,yes,claim-specific
E401,Chang Su; Liu Wang; Zhuang Wu; Hua Xu. Research on Weighing of Concrete Aggregate Pile Based on Binocular Vision. Informatica. 2022. https://doi.org/10.31449/inf.v46i7.4115,10.31449/inf.v46i7.4115,RETRIEVED_OPEN_PDF,INCLUDED,DIRECT-EMPIRICAL,yes,claim-specific
E41,"CHEN Y W, CHEN C F, KAU L J, et al. Application of LiDAR-Based Technology to Construction Material Volume Estimation[J]. Remote Sensing, 2026, 18(10): 1649. DOI: 10.3390/rs18101649.",10.3390/rs18101649,FT,INCLUDED,DIRECT-EMPIRICAL,yes,claim-specific
E75,"MANISH R, HASHEMINASAB S M, LIU J, et al. Image-aided LiDAR mapping platform and data processing strategy for stockpile volume estimation[J]. *Remote Sensing*, 2022, 14(1): 231. DOI: 10.3390/rs14010231.",10.3390/rs14010231,FT,INCLUDED,DIRECT-EMPIRICAL,yes,claim-specific
E76,"MAHLBERG J A, MANISH R, KOSHAN Y, et al. Salt stockpile inventory management using LiDAR volumetric measurements[J]. *Remote Sensing*, 2022, 14(19): 4802. DOI: 10.3390/rs14194802.",10.3390/rs14194802,FT,INCLUDED,DIRECT-EMPIRICAL,yes,claim-specific
E77,"HASHEMINASAB S M, ZHOU T, HABIB A. Linear feature-based image/LiDAR integration for a stockpile monitoring and reporting technology[J]. *IEEE Journal of Selected Topics in Applied Earth Observations and Remote Sensing*, 2023, 16: 2605–2623. DOI: 10.1109/JSTARS.2023.3250392.",10.1109/jstars.2023.3250392,FT,INCLUDED,DIRECT-EMPIRICAL,yes,claim-specific
E78,"KOSHAN Y, MANISH R, JOSEPH M, HABIB A. Alternative LiDAR technologies for stockpile monitoring and reporting[C]. *ISPRS Archives*, 2023, XLVIII-1/W2-2023: 649–656. DOI: 10.5194/isprs-archives-XLVIII-1-W2-2023-649-2023.",10.5194/isprs-archives-xlviii-1-w2-2023-649-2023,FT,INCLUDED,DIRECT-EMPIRICAL,yes,claim-specific
E80,"AJAYI O G, AJULO J. Investigating the applicability of UAV photogrammetry for the estimation of the volume of stockpiles[J]. *Quaestiones Geographicae*, 2021, 40(1): 25–38. DOI: 10.2478/quageo-2021-0002.",10.2478/quageo-2021-0002,FT,INCLUDED,DIRECT-EMPIRICAL,yes,claim-specific
E81,"HE H, CHEN T, ZENG H, HUANG S. Ground control point-free unmanned aerial vehicle-based photogrammetry for volume estimation of stockpiles carried on barges[J]. *Sensors*, 2019, 19(16): 3534. DOI: 10.3390/s19163534.",10.3390/s19163534,FT,INCLUDED,DIRECT-EMPIRICAL,yes,claim-specific
E82,"DAVIS D J A, GUY N S. An assessment of point cloud data acquisition techniques for aggregate stockpiles and volumetric surveys[C]. *ISPRS Archives*, 2023, XLVIII-M-3-2023: 65–69. DOI: 10.5194/isprs-archives-XLVIII-M-3-2023-65-2023.",10.5194/isprs-archives-xlviii-m-3-2023-65-2023,FT,INCLUDED,DIRECT-EMPIRICAL,yes,claim-specific
E84,"ALSAYED A, YUNUSA-KALTUNGO A, QUINN M K, ARVIN F, NABAWY M R A. Drone-assisted confined space inspection and stockpile volume estimation[J]. *Remote Sensing*, 2021, 13: 3356. DOI: 10.3390/rs13173356.",10.3390/rs13173356,FT,INCLUDED,DIRECT-EMPIRICAL,yes,claim-specific
E87,"BLISTAN P, JACKO S, KOVANIČ Ľ, et al. TLS and SfM approach for bulk density determination of excavated heterogeneous raw materials[J]. *Minerals*, 2020, 10: 174. DOI: 10.3390/min10020174.",10.3390/min10020174,FT,INCLUDED,DIRECT-EMPIRICAL,yes,claim-specific
E89,"SIRIBA D N, MATARA S M, MUSYOKA S M. Improvement of volume estimation of stockpile of earthworks using a concave hull-footprint[J]. *Micro, Macro & Mezzo Geo Information*, 2015, 5: 11–25.",,FT,INCLUDED,DIRECT-EMPIRICAL,yes,claim-specific
E04,"ALSAYED A, NABAWY M R A. Stockpile volume estimation in open and confined environments: a review[J]. Drones, 2023, 7(8): 537. DOI: 10.3390/drones7080537.",10.3390/drones7080537,FT,INCLUDED,SPECIALIST-REVIEW,no,claim-specific
E71,"CHATHURANGA M, et al. Trends, advancements, and future directions of unmanned aerial vehicle technology-based stockpile volume estimation: a systematic review[J]. *International Journal of Geoinformatics*, 2025, 21(11): 94–120. DOI: 10.52939/ijg.v21i11.4605.",10.52939/ijg.v21i11.4605,FT,INCLUDED,SPECIALIST-REVIEW,no,claim-specific
E09,"NUTH C, KÄÄB A. Co-registration and bias corrections of satellite elevation data sets for quantifying glacier thickness change[J]. The Cryosphere, 2011, 5: 271-290. DOI: 10.5194/tc-5-271-2011.",10.5194/tc-5-271-2011,FT,INCLUDED,TRANSFER-METHOD,yes,claim-specific
E10,"TUNA T, NUBERT J, NAVA Y, et al. X-ICP: localizability-aware LiDAR registration for robust localization in extreme environments[J]. IEEE Transactions on Robotics, 2024, 40: 452-471. DOI: 10.1109/TRO.2023.3335691.",10.1109/tro.2023.3335691,FT,INCLUDED,TRANSFER-METHOD,yes,claim-specific
E102,"GAN V J L, HU D, WANG Y, ZHAI R. Automated indoor 3D scene reconstruction with decoupled mapping using quadruped robot and LiDAR sensor[J]. *Computer-Aided Civil and Infrastructure Engineering*, 2025, 40(15): 2209–2226. DOI: 10.1111/mice.13450.",10.1111/mice.13450,FT,INCLUDED,TRANSFER-METHOD,yes,claim-specific
E103,"TUOMISTO J, ZHENG Y, CHAUHAN I, SEPPÄNEN O, PAJARINEN J. Automating on-site object inspection with a quadruped robot and BIM[J]. *Automation in Construction*, 2026, 181: 106571. DOI: 10.1016/j.autcon.2025.106571.",10.1016/j.autcon.2025.106571,FT,INCLUDED,TRANSFER-METHOD,yes,claim-specific
E104,"VEGA-TORRES M A, BRAUN A, BORRMANN A. SLAM2REF: advancing long-term mapping with 3D LiDAR and reference map integration for precise 6-DoF trajectory estimation and map extension[J]. *Construction Robotics*, 2024, 8: 13. DOI: 10.1007/s41693-024-00126-w.",10.1007/s41693-024-00126-w,FT,INCLUDED,TRANSFER-METHOD,yes,claim-specific
E106,"KIM G, KIM A. LT-mapper: a modular framework for LiDAR-based lifelong mapping[C]//*IEEE ICRA*. 2022: 7995–8002. DOI: 10.1109/ICRA46639.2022.9811916.",10.1109/icra46639.2022.9811916,FT,INCLUDED,TRANSFER-METHOD,yes,claim-specific
E108,"YANG L, PRAKHYA S M, ZHU S, LIU Z. Lifelong 3D mapping framework for hand-held and robot-mounted LiDAR mapping systems[Preprint]. arXiv:2501.18110, 2025.",,FT,INCLUDED,TRANSFER-METHOD,yes,claim-specific
E11,"LEE D, LIM H, HAN S. GenZ-ICP: generalizable and degeneracy-robust LiDAR odometry using an adaptive weighting[J]. IEEE Robotics and Automation Letters, 2025, 10(1): 152-159. DOI: 10.1109/LRA.2024.3498779.",10.1109/lra.2024.3498779,FT,INCLUDED,TRANSFER-METHOD,yes,claim-specific
E120,"SARLIN M, JULIN A, KURKELA M, HYYPPÄ J, VAAJA M T, HYYPPÄ H. Method for estimating dimensions and visualising changes in multi-epoch point clouds[J]. *European Journal of Remote Sensing*, 2026, 59(1): 2621431. DOI: 10.1080/22797254.2026.2621431.",10.1080/22797254.2026.2621431,FT,INCLUDED,TRANSFER-METHOD,yes,claim-specific
E135,"LI J, LIU Z, XU X, et al. LiMo-Calib: On-site fast LiDAR-motor calibration for quadruped robot-based panoramic 3D sensing system[Preprint]. arXiv:2502.12655, 2025.",,FT,INCLUDED,TRANSFER-METHOD,yes,claim-specific
E136,"GAO Y, AWUAH-OFFEI K. Efficient autonomous navigation of a quadruped robot in underground mines on edge hardware[Preprint]. arXiv:2603.04470, 2026.",,FT,INCLUDED,TRANSFER-METHOD,yes,claim-specific
E155,S. Fontana; Daniele Cattaneo; A. Ballardini; Matteo Vaghi; D. Sorrenti. A Benchmark for Point Clouds Registration Algorithms. Robotics Auton. Syst.. 2020. https://doi.org/10.1016/j.robot.2021.103734,10.1016/j.robot.2021.103734,RETRIEVED_OPEN_PDF,INCLUDED,TRANSFER-METHOD,yes,claim-specific
E160,Míriam Máximo; Antonio Santo; Arturo Gil; Mónica Ballesta; David Tamés Valiente. A Coarse‐to‐Fine 3D LiDAR Localization With Deep Local Features for Long‐Term Robot Navigation in Large Environments. International Journal of Intelligent Systems. 2026. https://doi.org/10.1155/int/4278222,10.1155/int/4278222,RETRIEVED_OPEN_PDF,INCLUDED,TRANSFER-METHOD,yes,claim-specific
E217,"Tommaso Mainiero; Jad Ghantous; Nives Grasso; Vincenzo Di Pietra. Benchmarking Local Registration Algorithms on Multi Temporal and Multi Spatial Point Clouds. The international archives of the photogrammetry, remote sensing and spatial information sciences/International archives of the photogrammetry, remote sensing and spatial information sciences. 2026. https://doi.org/10.5194/isprs-archives-xlix-b2-2026-239-2026",10.5194/isprs-archives-xlix-b2-2026-239-2026,RETRIEVED_OPEN_PDF,INCLUDED,TRANSFER-METHOD,yes,claim-specific
E23,"LAGUE D, BRODU N, LEROUX J. Accurate 3D comparison of complex topography with terrestrial laser scanner: Application to the Rangitikei canyon (N-Z)[J]. ISPRS J Photogramm Remote Sens, 2013, 82: 10-26. DOI: 10.1016/j.isprsjprs.2013.04.009.",10.1016/j.isprsjprs.2013.04.009,FT,INCLUDED,TRANSFER-METHOD,yes,claim-specific
E239,Bence Gálai; Balázs Nagy; Csaba Benedek. Crossmodal point cloud registration in the Hough space for mobile laser scanning data. [Venue unavailable]. 2016. https://doi.org/10.1109/icpr.2016.7900155,10.1109/icpr.2016.7900155,RETRIEVED_OPEN_PDF,INCLUDED,TRANSFER-METHOD,yes,claim-specific
E24,"WINIWARTER L, ANDERS K, HÖFLE B. M3C2-EP: Pushing the limits of 3D topographic point cloud change detection by error propagation[J]. ISPRS J Photogramm Remote Sens, 2021, 178: 240-258. DOI: 10.1016/j.isprsjprs.2021.06.011.",10.1016/j.isprsjprs.2021.06.011,FT,INCLUDED,TRANSFER-METHOD,yes,claim-specific
E242,Iris de G'elis; S. Lefèvre; T. Corpetti. DC3DCD: unsupervised learning for multiclass 3D point cloud change detection. Isprs Journal of Photogrammetry and Remote Sensing. 2023. https://doi.org/10.1016/j.isprsjprs.2023.10.022,10.1016/j.isprsjprs.2023.10.022,RETRIEVED_OPEN_PDF,INCLUDED,TRANSFER-METHOD,yes,claim-specific
E25,"ANDERS K, WINIWARTER L, LINDENBERGH R, et al. 4D objects-by-change: Spatiotemporal segmentation of geomorphic surface change from LiDAR time series[J]. ISPRS J Photogramm Remote Sens, 2020, 159: 352-363. DOI: 10.1016/j.isprsjprs.2019.11.025.",10.1016/j.isprsjprs.2019.11.025,FT,INCLUDED,TRANSFER-METHOD,yes,claim-specific
E259,Haoxuan Jiang; Peicong Qian; Yusen Xie; Xiaocong Li; Ming Liu; Jun Ma. DuLoc: Life-Long Dual-Layer Localization in Changing and Dynamic Expansive Scenarios. [Venue unavailable]. 2025. https://doi.org/10.1109/iros60139.2025.11246422,10.1109/iros60139.2025.11246422,RETRIEVED_OPEN_PDF,INCLUDED,TRANSFER-METHOD,yes,claim-specific
E26,"JAMES M R, ROBSON S, SMITH M W. 3-D uncertainty-based topographic change detection with structure-from-motion photogrammetry: precision maps for ground control and directly georeferenced surveys[J]. Earth Surface Processes and Landforms, 2017, 42(12): 1769-1788. DOI: 10.1002/esp.4125.",10.1002/esp.4125,FT,INCLUDED,TRANSFER-METHOD,yes,claim-specific
E27,"WHEATON J M, BRASINGTON J, DARBY S E, et al. Accounting for uncertainty in DEMs from repeat topographic surveys: improved sediment budgets[J]. Earth Surface Processes and Landforms, 2010, 35(2): 136-156. DOI: 10.1002/esp.1886.",10.1002/esp.1886,FT,INCLUDED,TRANSFER-METHOD,yes,claim-specific
E276,He Zhang; Emilien Aldana-Jague; François Clapuyt; F. Wilken; V. Vanacker; Kristof van Oost. Evaluating the potential of post-processing kinematic (PPK) georeferencing for UAV-based structure- from-motion (SfM) photogrammetry and surface change detection. Earth Surface Dynamics. 2019. https://doi.org/10.5194/esurf-7-807-2019,10.5194/esurf-7-807-2019,RETRIEVED_OPEN_PDF,INCLUDED,TRANSFER-METHOD,yes,claim-specific
E29,"VOSSELMAN G. Slope based filtering of laser altimetry data[C]//Int Arch Photogramm Remote Sens, 2000, XXXIII(Part B3): 935-942.",,FT,INCLUDED,TRANSFER-METHOD,yes,claim-specific
E30,"AXELSSON P. DEM generation from laser scanner data using adaptive TIN models[C]//Int Arch Photogramm Remote Sens, 2000, XXXIII(Part B4): 110-117.",,FT,INCLUDED,TRANSFER-METHOD,yes,claim-specific
E32,"PINGEL T J, CLARKE K C, MCBRIDE W A. An improved simple morphological filter for the terrain classification of airborne LIDAR data[J]. ISPRS J Photogramm Remote Sens, 2013, 77: 21-30. DOI: 10.1016/j.isprsjprs.2012.12.002.",10.1016/j.isprsjprs.2012.12.002,FT,INCLUDED,TRANSFER-METHOD,yes,claim-specific
E33,"ZHANG W, QI J, WAN P, et al. An Easy-to-Use Airborne LiDAR Data Filtering Method Based on Cloth Simulation[J]. Remote Sensing, 2016, 8(6): 501. DOI: 10.3390/rs8060501.",10.3390/rs8060501,FT,INCLUDED,TRANSFER-METHOD,yes,claim-specific
E343,"I. Puente; R. Lindenbergh; A. Van Natijne; R. Esposito; R. Schipper. MONITORING OF PROGRESSIVE DAMAGE IN BUILDINGS USING LASER SCAN DATA. The International Archives of the Photogrammetry, Remote Sensing and Spatial Information Sciences. 2018. https://doi.org/10.5194/isprs-archives-xlii-2-923-2018",10.5194/isprs-archives-xlii-2-923-2018,RETRIEVED_OPEN_PDF,INCLUDED,TRANSFER-METHOD,yes,claim-specific
E361,Jack G. Williams; Nick Rosser; R. J. Hardy; Matthew J. Brain; A. Afana. Optimising 4-D surface change detection: an approach for capturing rockfall magnitude–frequency. Earth Surface Dynamics. 2018. https://doi.org/10.5194/esurf-6-101-2018,10.5194/esurf-6-101-2018,RETRIEVED_OPEN_PDF,INCLUDED,TRANSFER-METHOD,yes,claim-specific
E379,"Zihan Lin; Jincheng Yu; Lipu Zhou; Xudong Zhang; Jian Wang; Yu Wang. Point Cloud Change Detection With Stereo V-SLAM: Dataset, Metrics and Baseline. IEEE Robotics and Automation Letters. 2022. https://doi.org/10.1109/lra.2022.3219018",10.1109/lra.2022.3219018,RETRIEVED_OPEN_PDF,INCLUDED,TRANSFER-METHOD,yes,claim-specific
E381,Tomas Petricek; Tomáš Svoboda. Point cloud registration from local feature correspondences—Evaluation on challenging datasets. PLoS ONE. 2017. https://doi.org/10.1371/journal.pone.0187943,10.1371/journal.pone.0187943,RETRIEVED_OPEN_PDF,INCLUDED,TRANSFER-METHOD,yes,claim-specific
E398,"Xiaoxu Ren; Zekun Zhang; Haili Sun. RESEARCH ON SELF-CROSS-TRANSFORMER MODEL OF POINT CLOUD CHANGE DETECTION. The international archives of the photogrammetry, remote sensing and spatial information sciences/International archives of the photogrammetry, remote sensing and spatial information sciences. 2023. https://doi.org/10.5194/isprs-archives-xlviii-1-w2-2023-179-2023",10.5194/isprs-archives-xlviii-1-w2-2023-179-2023,RETRIEVED_OPEN_PDF,INCLUDED,TRANSFER-METHOD,yes,claim-specific
E43,"BARBER D, MILLS J, SMITH-VOYSEY S. Geometric validation of a ground-based mobile laser scanning system[J]. ISPRS J Photogramm Remote Sens, 2008, 63(1): 128-141. DOI: 10.1016/j.isprsjprs.2007.07.005.",10.1016/j.isprsjprs.2007.07.005,FT,INCLUDED,TRANSFER-METHOD,yes,claim-specific
E44,"KAARTINEN H, HYYPPI J, KUKKO A, et al. Benchmarking the Performance of Mobile Laser Scanning Systems Using a Permanent Test Field[J]. Sensors, 2012, 12(9): 12814-12835. DOI: 10.3390/s120912814.",10.3390/s120912814,FT,INCLUDED,TRANSFER-METHOD,yes,claim-specific
E45,"ZHANG J, SINGH S. LOAM: Lidar Odometry and Mapping in Real-time[C]//Robotics: Science and Systems X. 2014. DOI: 10.15607/RSS.2014.X.007.",10.15607/rss.2014.x.007,FT,INCLUDED,TRANSFER-METHOD,yes,claim-specific
E46,"RYDING J, WILLIAMS E, SMITH M, et al. Assessing Handheld Mobile Laser Scanners for Forest Surveys[J]. Remote Sensing, 2015, 7(1): 1095-1111. DOI: 10.3390/rs70101095.",10.3390/rs70101095,FT,INCLUDED,TRANSFER-METHOD,yes,claim-specific
E48,"DEWEZ T J B, YART S, THUON Y, et al. Towards cavity-collapse hazard maps with Zeb-Revo handheld laser scanner point clouds[J]. The Photogrammetric Record, 2017, 32(160): 354-376. DOI: 10.1111/phor.12223.",10.1111/phor.12223,FT,INCLUDED,TRANSFER-METHOD,yes,claim-specific
E49,"SHAN T, ENGLOT B. LeGO-LOAM: Lightweight and Ground-Optimized Lidar Odometry and Mapping on Variable Terrain[C]//2018 IEEE/RSJ IROS. 2018: 4758-4765. DOI: 10.1109/IROS.2018.8594299.",10.1109/iros.2018.8594299,FT,INCLUDED,TRANSFER-METHOD,yes,claim-specific
E50,"KIM G, KIM A. Scan Context: Egocentric Spatial Descriptor for Place Recognition Within 3D Point Cloud Map[C]//2018 IEEE/RSJ IROS. 2018: 4802-4809. DOI: 10.1109/IROS.2018.8593953.",10.1109/iros.2018.8593953,FT,INCLUDED,TRANSFER-METHOD,yes,claim-specific
E51,"SHAN T, ENGLOT B, MEYERS D, et al. LIO-SAM: Tightly-coupled Lidar Inertial Odometry via Smoothing and Mapping[C]//2020 IEEE/RSJ IROS. 2020: 5135-5142. DOI: 10.1109/IROS45743.2020.9341176.",10.1109/iros45743.2020.9341176,FT,INCLUDED,TRANSFER-METHOD,yes,claim-specific
E52,"XU W, CAI Y, HE D, et al. FAST-LIO2: Fast Direct LiDAR-Inertial Odometry[J]. IEEE Transactions on Robotics, 2022, 38(4): 2053-2073. DOI: 10.1109/TRO.2022.3141876.",10.1109/tro.2022.3141876,FT,INCLUDED,TRANSFER-METHOD,yes,claim-specific
E53,"VIZZO I, GUADAGNINO T, MERSCH B, et al. KISS-ICP: In Defense of Point-to-Point ICP – Simple, Accurate, and Robust Registration If Done the Right Way[J]. IEEE RA-L, 2023, 8(2): 1029-1036. DOI: 10.1109/LRA.2023.3236571.",10.1109/lra.2023.3236571,FT,INCLUDED,TRANSFER-METHOD,yes,claim-specific
E54,"GHARINEIAT Z, TARSHA KURDI F, HENNY K, et al. Assessment of NavVis VLX and BLK2GO SLAM Scanner Accuracy for Outdoor and Indoor Surveying Tasks[J]. Remote Sensing, 2024, 16(17): 3256. DOI: 10.3390/rs16173256.",10.3390/rs16173256,FT,INCLUDED,TRANSFER-METHOD,yes,claim-specific
E61,"RAMEZANI M, BRANDAO M, CASSEAU B, et al. Legged Robots for Autonomous Inspection and Monitoring of Offshore Assets[C]//Offshore Technology Conference, 2020. OTC-30694-MS. DOI: 10.4043/30694-MS.",10.4043/30694-ms,FT,INCLUDED,TRANSFER-METHOD,yes,claim-specific
E62,"KOVAL A, KARLSSON S, NIKOLAKOPOULOS G. Experimental evaluation of autonomous map-based Spot navigation in confined environments[J]. Biomimetic Intelligence and Robotics, 2022, 2(1): 100035. DOI: 10.1016/j.birob.2022.100035.",10.1016/j.birob.2022.100035,FT,INCLUDED,TRANSFER-METHOD,yes,claim-specific
E69,"LI T, HU Y, LIU B, et al. Co-registration and residual correction of digital elevation models: a comparative study[J]. The Cryosphere, 2023, 17(12): 5299-5316. DOI: 10.5194/tc-17-5299-2023.",10.5194/tc-17-5299-2023,FT,INCLUDED,TRANSFER-METHOD,yes,claim-specific
E88,"SIEBERT S, TEIZER J. Mobile 3D mapping for surveying earthwork projects using an unmanned aerial vehicle system[J]. *Automation in Construction*, 2014, 41: 1–14. DOI: 10.1016/j.autcon.2014.01.004.",10.1016/j.autcon.2014.01.004,FT,INCLUDED,TRANSFER-METHOD,yes,claim-specific
E90,"RAMEZANI M, TINCHEV G, IUGANOV E, FALLON M. Online LiDAR-SLAM for legged robots with robust registration and deep-learned loop closure[C]//*IEEE ICRA*. 2020: 4158–4164. DOI: 10.1109/ICRA40945.2020.9196769.",10.1109/icra40945.2020.9196769,FT,INCLUDED,TRANSFER-METHOD,yes,claim-specific
E91,"WANG Y, RAMEZANI M, FALLON M. Actively mapping industrial structures with information gain-based planning on a quadruped robot[C]//*IEEE ICRA*. 2020: 8609–8615. DOI: 10.1109/ICRA40945.2020.9197153.",10.1109/icra40945.2020.9197153,FT,INCLUDED,TRANSFER-METHOD,yes,claim-specific
E92,"WISTH D, CAMURRI M, FALLON M. VILENS: Visual, inertial, lidar, and leg odometry for all-terrain legged robots[J]. *IEEE Transactions on Robotics*, 2023, 39: 309–326. DOI: 10.1109/TRO.2022.3193788.",10.1109/tro.2022.3193788,FT,INCLUDED,TRANSFER-METHOD,yes,claim-specific
E93,"CHUNG D, KIM J, PAIK S, IM S, KIM H. Automated system of scaffold point cloud data acquisition using a robot dog[J]. *Automation in Construction*, 2025, 170: 105944. DOI: 10.1016/j.autcon.2024.105944.",10.1016/j.autcon.2024.105944,FT,INCLUDED,TRANSFER-METHOD,yes,claim-specific
E94,"HUTTER M, GEHRING C, JUD D, et al. ANYmal—Toward legged robots for harsh environments[J]. *Advanced Robotics*, 2017, 31: 918–931. DOI: 10.1080/01691864.2017.1378591.",10.1080/01691864.2017.1378591,FT,INCLUDED,TRANSFER-METHOD,yes,claim-specific
E98,"KOCIUBA W. Different paths for developing terrestrial LiDAR data for comparative analyses of topographic surface changes[J]. *Applied Sciences*, 2020, 10(21): 7409. DOI: 10.3390/app10217409.",10.3390/app10217409,FT,INCLUDED,TRANSFER-METHOD,yes,claim-specific
E99,"NOURBAKHSHBEIDOKHTI S, KINOSHITA A M, CHIN A, FLORSHEIM J L. A workflow to estimate topographic and volumetric changes and errors in channel sedimentation after disturbance[J]. *Remote Sensing*, 2019, 11: 586. DOI: 10.3390/rs11050586.",10.3390/rs11050586,FT,INCLUDED,TRANSFER-METHOD,yes,claim-specific
E119,"SUN M, ZHAO Z, FENG J, et al. Point-cloud segmentation and volume estimation of dense medium piles based on an improved PointNet++[J]. *International Journal of Coal Preparation and Utilization*, 2026, online first. DOI: 10.1080/19392699.2026.2672626.",10.1080/19392699.2026.2672626,P-final,NOT_RETRIEVED,ABSTRACT-ONLY,no,no
E130,"BULDUK M, SALTALI O, CETIN B. Assessment of consumer-grade 3D scanning technologies for aggregate stockpile volume estimation in pavement construction[C]//*Airfield and Highway Pavements 2026*. 2026: 1103–1111. DOI: 10.1061/9780784487037.098.",10.1061/9780784487037.098,P-final,NOT_RETRIEVED,ABSTRACT-ONLY,no,no
E138,"JAISWAL A, JHA K, BUGALIA N, et al. Vision-based volumetric estimation of localized construction and demolition waste[J]. *Waste Management*, 2025, 206: 115046. DOI: 10.1016/j.wasman.2025.115046.",10.1016/j.wasman.2025.115046,P-final,NOT_RETRIEVED,ABSTRACT-ONLY,no,no
E139,"ATTIA T, ELSHABOURY N, HESHAM A, et al. Quantifying construction and demolition waste using SLAM-based mobile mapping system: A case study from Kafr El Sheikh, Egypt[C]//*2021 International Conference on Data Analytics for Business and Industry (ICDABI)*. 2021: 459–463. DOI: 10.1109/ICDABI53623.2021.9655946.",10.1109/icdabi53623.2021.9655946,P-final,NOT_RETRIEVED,ABSTRACT-ONLY,no,no
E79,"MORA O E, CHEN J, STOIBER P, et al. Accuracy of stockpile estimates using low-cost sUAS photogrammetry[J]. *International Journal of Remote Sensing*, 2020, 41(12): 4512–4529. DOI: 10.1080/01431161.2020.1723167.",10.1080/01431161.2020.1723167,P-final,NOT_RETRIEVED,ABSTRACT-ONLY,no,no
E83,"KAMARI M, HAM Y. Vision-based volumetric measurements via deep learning-based point cloud segmentation for material management in jobsites[J]. *Automation in Construction*, 2021, 121: 103430. DOI: 10.1016/j.autcon.2020.103430.",10.1016/j.autcon.2020.103430,P-final,NOT_RETRIEVED,ABSTRACT-ONLY,no,no
E85,"ZHAO S, LU T-F, KOCH B, HURDSMAN A. Dynamic modelling of 3D stockpile for life-cycle management through sparse range point clouds[J]. *International Journal of Mineral Processing*, 2013, 125: 61–77. DOI: 10.1016/j.minpro.2013.09.009.",10.1016/j.minpro.2013.09.009,P-final,NOT_RETRIEVED,ABSTRACT-ONLY,no,no
